name,abbreviation,casrn,smiles,classification,subclassification
Perfluoroheptanoic acid,PFHpA,375-85-9,C(=O)(C(C(C(C(C(C(F)(F)F)(F)F)(F)F)(F)F)(F)F)(F)F)O,PFC,
Perfluorooctanoic acid,PFOA,335-93-3,C(=O)(C(C(C(C(C(C(C(F)(F)F)(F)F)(F)F)(F)F)(F)F)(F)F)(F)F)O,PFC,
Perfluorooctanesulfonic acid,PFOS,1763-23-1,C(C(C(C(C(F)(F)S(=O)(=O)O)(F)F)(F)F)(F)F)(C(C(C(F)(F)F)(F)F)(F)F)(F)F,PFC,
Perfluorodecanoic acid,PFDA,335-76-2,C(=O)(C(C(C(C(C(C(C(C(C(F)(F)F)(F)F)(F)F)(F)F)(F)F)(F)F)(F)F)(F)F)(F)F)O,PFC,
Perfluorohexanoic acid,PFHxA,307-24-4,C(=O)(C(C(C(C(C(F)(F)F)(F)F)(F)F)(F)F)(F)F)O,PFC,
Perfluorobutanesulfonate,PFBS,375-73-5,C(C(C(F)(F)S(=O)(=O)O)(F)F)(C(F)(F)F)(F)F,PFC,
Perfluorohexanesulfonic acid,PFHxS,355-46-4,C(C(C(C(F)(F)S(=O)(=O)O)(F)F)(F)F)(C(C(F)(F)F)(F)F)(F)F,PFC,
Perfluoropentanoic acid,PFPeA,2706-90-3,C(=O)(C(C(C(C(F)(F)F)(F)F)(F)F)(F)F)O,PFC,
N-nitrosodimethylamine,NDMA,62-75-9,CN(C)N=O,Disinfection byproducts,N-nitrosamine
N-nitroso-di-n-butylamine,NDBA,924-16-3,CCCCN(CCCC)N=O,Disinfection byproducts,N-nitrosamine
N-nitrosodiethylamine,NDEA,55-18-5,CCN(CC)N=O,Disinfection byproducts,N-nitrosamine
N-nitrosodi-n-propylamine,NDPA,621-64-7,CCCN(CCC)N=O,Disinfection byproducts,N-nitrosamine
N-nitrosomethylethylamine,NMEA,10595-95-6,CCNCN=O,Disinfection byproducts,N-nitrosamine
N-nitrosomorpholine,NMOR,59-89-2,C1COCCN1N=O,Disinfection byproducts,N-nitrosamine
N-nitrosopyrrolidine,NPYR,930-55-2,C1CCN(C1)N=O,Disinfection byproducts,N-nitrosamine
1-H-benzotriazole,BTR,95-14-7,c1ccc2c(c1)[nH]nn2,Corrosion inhibitors,
4-methyl-1H-benzotriazole,4TTR,29878-31-7,CC1=CC=CC2=NNN=C12,Corrosion inhibitors,
Methylparaben,,99-76-3,COC(=O)c1ccc(cc1)O,Preservatives,
Ethylparaben,,120-47-8,CCOC(=O)C1=CC=C(C=C1)O,Preservatives,
Propylparaben,,94-13-3,CCCOC(=O)C1=CC=C(C=C1)O,Preservatives,
Butylparaben,,94-26-8,CCCCOC(=O)C1=CC=C(C=C1)O,Preservatives,
Caffeine,,58-08-2,CN1C=NC2=C1C(=O)N(C(=O)N2C)C,Food additives,
Clofibric acid,,882-09-7,CC(C)(C(=O)O)Oc1ccc(cc1)Cl,Pharmaceuticals,anti-dyslipidemia agent
Gemfibrozil,,25812-30-0,Cc1ccc(c(c1)OCCCC(C)(C)C(=O)O)C,Pharmaceuticals,anti-dyslipidemia agent
Atorvastatin,,134523-00-5,CC(C)c1c(c(c(n1CC[C@H](C[C@H](CC(=O)O)O)O)c2ccc(cc2)F)c3ccccc3)C(=O)Nc4ccccc4,Pharmaceuticals,anti-dyslipidemia agent
Lovastatin,,75330-75-5,CC[C@H](C)C(=O)O[C@H]1C[C@H](C=C2[C@H]1[C@H]([C@H](C=C2)C)CC[C@@H]3C[C@H](CC(=O)O3)O)C,Pharmaceuticals,anti-dyslipidemia agent
Simvastatin,,79902-63-9,CCC(C)(C)C(=O)O[C@H]1C[C@H](C=C2[C@H]1[C@H]([C@H](C=C2)C)CC[C@@H]3C[C@H](CC(=O)O3)O)C,Pharmaceuticals,anti-dyslipidemia agent
Propranolol,,525-66-6,CC[C@H](C)C(=O)O[C@H]1C[C@H](C=C2[C@H]1[C@H]([C@H](C=C2)C)CC[C@@H]3C[C@H](CC(=O)O3)O)C,Pharmaceuticals,beta-blocker
Atenolol,,29122-68-7,CC(C)NCC(COc1ccc(cc1)CC(=O)N)O,Pharmaceuticals,beta-blocker
Metoprolol,,51384-51-1,CC(C)NCC(COc1ccc(cc1)CCOC)O,Pharmaceuticals,beta-blocker
Diclofenac,,15307-86-5,c1ccc(c(c1)CC(=O)O)Nc2c(cccc2Cl)Cl,Pharmaceuticals,Antiinflammatory
Acetaminophen,,103-90-2,CC(=O)Nc1ccc(cc1)O,Pharmaceuticals,Antiinflammatory
Carbamazepine,,298-46-4,c1ccc2c(c1)C=Cc3ccccc3N2C(=N)O,Pharmaceuticals,Anticonvulsant
Lincomycin,,154-21-2,CCC[C@@H]1C[C@H](N(C1)C)C(=O)N[C@@H]([C@@H]2[C@@H]([C@@H]([C@H]([C@H](O2)SC)O)O)O)[C@@H](C)O,Pharmaceuticals,Antibiotic
Sulfathiazole,,72-14-0,c1cc(ccc1N)S(=O)(=O)Nc2nccs2,Pharmaceuticals,Antibiotic
Trimethoprim,,738-70-5,COc1cc(cc(c1OC)OC)Cc2c[nH]c(=N)[nH]c2=N,Pharmaceuticals,Antibiotic
Sulfamethazine,,57-68-1,Cc1cc(nc(n1)NS(=O)(=O)c2ccc(cc2)N)C,Pharmaceuticals,Antibiotic
Sulfamethoxazole,,723-46-6,Cc1cc(no1)NS(=O)(=O)c2ccc(cc2)N,Pharmaceuticals,Antibiotic
Estrone,E1,53-16-7,C[C@]12CC[C@@H]3c4ccc(cc4CC[C@H]3[C@@H]1CCC2=O)O,Pharmaceuticals,Female sex hormone
Estriol,E3,50-27-1,C[C@]12CC[C@@H]3c4ccc(cc4CC[C@H]3[C@@H]1C[C@H]([C@@H]2O)O)O,Pharmaceuticals,Female sex hormone
17α-Ethinylestradiol,EE2,57-63-6,CC12CCC3C(C1CCC2O)CCC4=C3C=CC(=C4)O,Pharmaceuticals,Female sex hormone
17β-Estradiol,E2,50-28-2,CC12CCC3c4ccc(cc4CCC3C1CCC2(C#C)O)O,Pharmaceuticals,Female sex hormone
Iopromide,,73334-07-3,CN(CC(CO)O)C(=O)c1c(c(c(c(c1I)NC(=O)COC)I)C(=O)NCC(CO)O)I,Pharmaceuticals,Contrast medium
Metformin,,657-24-9,CN(C)C(=N)NC(=N)N,Pharmaceuticals,Antihyperglycemic agent
Ibuprofen,,15687-27-1,CC(C)Cc1ccc(cc1)C(C)C(=O)O,Pharmaceuticals,Antiinflammatory
Naproxen,,22204-53-1,C[C@@H](c1ccc2cc(ccc2c1)OC)C(=O)O,Pharmaceuticals,Antiinflammatory
Ranitidine,,66357-35-5,CNC(=C[N+](=O)[O-])NCCSCc1ccc(o1)CN(C)C,Pharmaceuticals,Ulcer therapeutic
Cimetidine,,51481-61-9,Cc1c([nH]cn1)CSCC/N=C(\NC)/NC#N,Pharmaceuticals,Ulcer therapeutic
"N,N’-Diethyltoluamide",DEET,134-62-3,CCN(CC)C(=O)c1cccc(c1)C,Pesticidess,Insecticide
Atrazine,,1912-24-9,CCNc1nc(nc(n1)Cl)NC(C)C,Pesticidess,Herbicide
Tetracycline,,60-54-8,C[C@]1(c2cccc(c2C(=O)C3=C([C@]4([C@@H](C[C@@H]31)[C@@H](C(=C(C4=O)C(=N)O)O)N(C)C)O)O)O)O,Pharmaceuticals,Antibiotic
Chlortetracycline,,57-62-5,C[C@]1(c2c(ccc(c2C(=O)C3=C([C@]4([C@@H](C[C@@H]31)[C@@H](C(=C(C4=O)C(=O)N)O)N(C)C)O)O)O)Cl)O,Pharmaceutical,Antibiotic
Clarithromycin,,81103-11-9,CC[C@@H]1[C@@]([C@@H]([C@H](C(=O)[C@@H](C[C@@]([C@@H]([C@H]([C@@H]([C@H](C(=O)O1)C)O[C@H]2C[C@@]([C@H]([C@@H](O2)C)O)(C)OC)C)O[C@H]3[C@@H]([C@H](C[C@H](O3)C)N(C)C)O)(C)OC)C)C)O)(C)O,Pharmaceutical,Antibiotic
Venlafaxine,,93413-69-5,CN(C)CC(c1ccc(cc1)OC)C2(CCCCC2)O,Pharmaceutical,Antidepressant
Carbendazim,,10605-21-7,COC(=O)Nc1[nH]c2ccccc2n1,Pesticides,Fungicide
Metalaxyl,,57837-19-1,Cc1cccc(c1N(C(C)C(=O)OC)C(=O)COC)C,Pesticides,Fungicide
Perfluorononanoic acid,PFNA,375-95-1,C(=O)(C(C(C(C(C(C(C(C(F)(F)F)(F)F)(F)F)(F)F)(F)F)(F)F)(F)F)(F)F)O,PFC,
Perfluorododecanoic acid,PFDoA,45285-51-6,C(=O)(C(C(C(C(C(C(C(C(C(C(C(F)(F)F)(F)F)(F)F)(F)F)(F)F)(F)F)(F)F)(F)F)(F)F)(F)F)(F)F)O,PFC,
Isoamyl benzoate,,94-46-2,CC(C)CCOC(=O)c1ccccc1,Food additives,
Benzophenone,,119-61-9,c1ccc(cc1)C(=O)c2ccccc2,Food additives,
2-Ethylhexyl salicylate,,118-60-5,O=C(OC(CC)CCCCC)c1ccccc1O,Personal care products,Sunscreen
Homosalate,,118-56-9,CC1CC(CC(C1)(C)C)OC(=O)c2ccccc2O,Personal care products,Sunscreen
Benzophenone-3,,131-57-7,COc1ccc(c(c1)O)C(=O)c2ccccc2,Personal care products,Sunscreen
4-Methylbenzylidene-camphor,,36861-47-9,CC1=CC=C(C=C1)C=C2C3CCC(C2=O)(C3(C)C)C,Personal care products,Sunscreen
Benzylcinnamate,,103-41-3,c1ccc(cc1)COC(=O)/C=C/c2ccccc2,Personal care products,Odor agent
Heptanal,,111-71-7,CCCCCCC=O,Taste & odor compounds,
"2,4,6-trichloroanisole",,87-40-1,COC1=C(C=C(C=C1Cl)Cl)Cl,Taste & odor compounds,
Propanal,,123-38-6,CCC=O,Taste & odor compounds,
Dodecanal,,112-54-9,CCCCCCCCCCCC=O,Taste & odor compounds,
Acetaldehyde,,75-07-0,CC=O,Taste & odor compounds,
beta-cyclocitral,,432-25-7,CC1=C(C(CCC1)(C)C)C=O,Taste & odor compounds,
Nonylphenol diethoxylate,,25154-52-3,CCCCCCCCCC1=CC=C(OCCOCCO)C=C1,Endocrine disruptors,
Tetrabromobisphenol A,,79-94-7,CC(C)(c1cc(c(c(c1)Br)O)Br)c2cc(c(c(c2)Br)O)Br,Endocrine disruptors,
Octylphenol,,949-13-3,CCCCCCCCc1ccccc1O,Endocrine disruptors,
"2,4-Dichlorophenol",,120-83-2,c1cc(c(cc1Cl)Cl)O,Endocrine disruptors,
"2,4,6-Trichlorophenol",,88-06-02,c1c(cc(c(c1Cl)O)Cl)Cl,Endocrine disruptors,
benzo(a)pyrene,,50-32-8,c1ccc2c(c1)cc3ccc4cccc5c4c3c2cc5,Endocrine disruptors,
Acetylsalicylic Acid,,50-78-2,CC(OC1=C(C(=O)O)C=CC=C1)=O CC(=O)OC1C=CC=CC=1C(O)=O,Pharmaceutical,Antiinflammatory
Erythromycin,,114-07-8,CC[C@@H]1[C@@]([C@@H]([C@H](C(=O)[C@@H](C[C@@]([C@@H]([C@H]([C@@H]([C@H](C(=O)O1)C)O[C@H]2C[C@@]([C@H]([C@@H](O2)C)O)(C)OC)C)O[C@H]3[C@@H]([C@H](C[C@H](O3)C)N(C)C)O)(C)O)C)C)O)(C)O,Pharmaceutical,Antibiotic
Iopamidol,,60166-93-0,C[C@@H](C(=O)Nc1c(c(c(c(c1I)C(=O)NC(CO)CO)I)C(=O)NC(CO)CO)I)O,Pharmaceutical,Contrast medium
Mefenamic acid,,61-68-7,Cc1cccc(c1C)Nc2ccccc2C(=O)O,Pharmaceutical,Antiinflammatory
Oseltamivir,,196618-13-0,CCC(CC)O[C@@H]1C=C(C[C@@H]([C@H]1NC(=O)C)N)C(=O)OCC,Pharmaceutical,Antiviral
"1,7-dimethylxanthine",,611-59-6,Cn1cnc2c1c(=O)n(c(=O)[nH]2)C,Metabolite,
Amoxicillin,,26787-78-0,CC1([C@@H](N2[C@H](S1)[C@@H](C2=O)NC(=O)[C@@H](c3ccc(cc3)O)N)C(=O)O)C,Pharmaceutical,Antibiotic
Cefaclor,,53994-73-3,c1ccc(cc1)[C@H](C(=O)N[C@H]2[C@@H]3N(C2=O)C(=C(CS3)Cl)C(=O)O)N,Pharmaceutical,Antibiotic
Cefadroxil,,50370-12-2,CC1=C(N2[C@@H]([C@@H](C2=O)NC(=O)[C@@H](c3ccc(cc3)O)N)SC1)C(=O)O,Pharmaceutical,Antibiotic
Cefradine,,38821-53-3,CC1=C(N2[C@@H]([C@@H](C2=O)NC(=O)[C@@H](C3=CCC=CC3)N)SC1)C(=O)O,Pharmaceutical,Antibiotic
Cephalexin,,15686-71-2,CC1=C(N2[C@@H]([C@@H](C2=O)NC(=O)[C@@H](c3ccccc3)N)SC1)C(=O)O,Pharmaceutical,Antibiotic
Ciprofloxacin,,85721-33-1,c1c2c(cc(c1F)N3CCNCC3)n(cc(c2=O)C(=O)O)C4CC4,Pharmaceutical,Antibiotic
Diltiazem,,42399-41-7,CC(=O)O[C@@H]1[C@@H](Sc2ccccc2N(C1=O)CCN(C)C)c3ccc(cc3)OC,Pharmaceutical,Calcium channel blocker
Doxycycline,,564-25-0,C[C@H]1c2cccc(c2C(=O)C3=C([C@]4([C@@H]([C@H]([C@H]13)O)[C@@H](C(=C(C4=O)C(=O)N)O)N(C)C)O)O)O.O,Pharmaceutical,Antibiotic
Fenbendazole,,43210-67-9,COC(=O)Nc1[nH]c2cc(ccc2n1)Sc3ccccc3,Pharmaceutical,Anthelmintic
Florfenicol,,73231-34-2,CS(=O)(=O)c1ccc(cc1)[C@H]([C@@H](CF)NC(=O)C(Cl)Cl)O,Pharmaceutical,Antibiotic
Meclocycline,,2013-58-3,CN(C)[C@H]1[C@@H]2[C@H]([C@@H]3C(=C)c4c(ccc(c4C(=O)C3=C([C@@]2(C(=O)C(=C1O)C(=O)N)O)O)O)Cl)O,Pharmaceutical,Antibiotic
Pefloxacin,,70458-92-3,CCn1cc(c(=O)c2c1cc(c(c2)F)N3CCN(CC3)C)C(=O)O,Pharmaceutical,Antibiotic
Perfluorodecane sulfonic acid,PFDS,335-77-3,C(C(C(C(C(C(F)(F)S(=O)(=O)O)(F)F)(F)F)(F)F)(F)F)(C(C(C(C(F)(F)F)(F)F)(F)F)(F)F)(F)F,PFC,
Perfluorooctanesulfonamide,PFOSA,754-91-6,C(C(C(C(C(F)(F)S(=O)(=O)N)(F)F)(F)F)(F)F)(C(C(C(F)(F)F)(F)F)(F)F)(F)F,PFC,
"1H,1H,2H,2H-Perfluoroctyl-1-sulfonic acid",H4PFOS,27619-97-2,OS(O)(O)CCC(F)(F)C(F)(F)C(F)(F)C(F)(F)C(F)(F)C(F)(F)F,PFC,
Perfluoro-n-undecanoic acid,PFUnA,2058-94-8,C(=O)(C(C(C(C(C(C(C(C(C(C(F)(F)F)(F)F)(F)F)(F)F)(F)F)(F)F)(F)F)(F)F)(F)F)(F)F)O,PFC,
Microcystin-LR,,101043-37-2,C[C@H]1[C@@H](NC(=O)[C@@H](NC(=O)[C@H]([C@@H](NC(=O)[C@@H](NC(=O)[C@H](NC(=O)C(=C)N(C(=O)CC[C@@H](NC1=O)C(=O)O)C)C)CC(C)C)C(=O)O)C)CCCNC(=N)N)/C=C/C(=C/[C@H](C)[C@H](Cc2ccccc2)OC)/C,Algal-derived toxin,
Anatoxin-a,,64285-06-9,CC(=O)C1=CCC[C@@H]2CC[C@H]1N2,Algal-derived toxin,
Nodularin,,118399-22-7,C/C=C\1/C(=O)N[C@H]([C@@H](C(=O)N[C@H](C(=O)N[C@H]([C@@H](C(=O)N[C@H](CCC(=O)N1C)C(=O)O)C)/C=C/C(=C/[C@H](C)[C@H](Cc2ccccc2)OC)/C)CCCNC(=N)N)C)C(=O)O,Algal-derived toxin,
Nickel(Ni),,7440-02-0,[Ni],Inorganic compounds & Metals,
Silver,,7440-22-4,[Ag],Inorganic compounds & Metals,
Thallium(Tl),,7440-28-0,[Ti],Inorganic compounds & Metals,
Perchlorate,,14797-73-0,[O-]Cl(=O)(=O)=O,Inorganic compounds & Metals,
Geosmin,,19700-21-1,C[C@H]1CCC[C@@]2([C@@]1(CCCC2)O)C,Taste & odor compounds,
2-MIB,,2371-42-8,C[C@@]12CC[C@@H](C1(C)C)C[C@@]2(C)O,Taste & odor compounds,
Chlorite,,14998-27-7,[O-]Cl=O,Disinfection byproducts,
Chlorate,,14866-68-3,[O-]Cl(=O)=O,Disinfection byproducts,
Di(2-ethylhexyl) adipate,DEHA,103-23-1,CCCCC(CC)COC(=O)CCCCC(=O)OCC(CC)CCCC,Endocrine disruptors,
Di(2-ethylhexyl)phthalate,DEHP,117-81-7,CCCCC(CC)OC(=O)c1ccccc1C(=O)OC(CC)CCCC,Endocrine disruptors,
Vancomycin,,1404-90-6,C[C@H]1[C@H]([C@@](C[C@@H](O1)O[C@@H]2[C@H]([C@@H]([C@H](O[C@H]2Oc3c4cc5cc3Oc6ccc(cc6Cl)[C@H]([C@H](C(=O)N[C@H](C(=O)N[C@H]5C(=O)N[C@@H]7c8ccc(c(c8)-c9c(cc(cc9O)O)[C@H](NC(=O)[C@H]([C@@H](c1ccc(c(c1)Cl)O4)O)NC7=O)C(=O)O)O)CC(=O)N)NC(=O)[C@@H](CC(C)C)NC)O)CO)O)O)(C)N)O,Pharmaceutical,Antibiotic
Tamiflu,,204255-11-8,CCC(CC)O[C@@H]1C=C(C[C@@H]([C@H]1NC(=O)C)N)C(=O)OCC.OP(=O)(O)O,Pharmaceutical,Antiviral
Chloral hydrate,,302-17-0,C(C(Cl)(Cl)Cl)(O)O,Pharmaceutical,Anticonvulsant
"2,4-Dichlorophenoxyacetic acid","2,4-D",94-75-7,c1cc(c(cc1Cl)Cl)OCC(=O)O,Pesticides,Herbicide
Ethylenedibromide,EDB,106-93-4,C(CBr)Br,Pesticides,Insecticide
Isoproturon,,34123-59-6,CC(C)c1ccc(cc1)NC(=O)N(C)C,Pesticides,Herbicide
Simazine,,122-34-9,CCNc1nc(nc(n1)Cl)NCC,Pesticides,Herbicide
Trifluralin,,1582-09-8,CCCN(CCC)c1c(cc(cc1[N+](=O)[O-])C(F)(F)F)[N+](=O)[O-],Pesticides,Herbicide
Alachlor,,15972-60-8,CCc1cccc(c1N(COC)C(=O)CCl)CC,Pesticides,Herbicide
Aldicarb,,116-06-3,CC(C)(C=NOC(=O)NC)SC,Pesticides,Insecticide
Aldrin,,309-00-2,C1[C@@H]2C=C[C@H]1[C@H]3[C@@H]2[C@]4(C(=C([C@@]3(C4(Cl)Cl)Cl)Cl)Cl)Cl,Pesticides,Insecticide
Chlorpyrifos,,2921-88-2,CCOP(=S)(OCC)Oc1c(cc(c(n1)Cl)Cl)Cl,Pesticides,Insecticide
Dieldrin,,60-57-1,C1[C@@H]2[C@H]3[C@@H]([C@H]1[C@H]4[C@@H]2O4)[C@]5(C(=C([C@@]3(C5(Cl)Cl)Cl)Cl)Cl)Cl,Pesticides,Insecticide
Dimethoate,,60-51-5,C/N=C(/CSP(=S)(OC)OC)\O,Pesticides,Insecticide
Dinoseb,,88-85-7,CCC(C)c1cc(cc(c1O)[N+](=O)[O-])[N+](=O)[O-],Pesticides,Insecticide
Endrin,,128-10-9,C1[C@@H]2[C@H]3[C@@H]([C@H]1[C@H]4[C@@H]2O4)[C@@]5(C(=C([C@]3(C5(Cl)Cl)Cl)Cl)Cl)Cl,Pesticides,Insecticide
Heptachlor,,76-44-8,C1=CC(C2C1C3(C(=C(C2(C3(Cl)Cl)Cl)Cl)Cl)Cl)Cl,Pesticides,Insecticide
Heptachlor epoxide,,1024-57-3,[C@@H]12[C@@H]([C@H]([C@@H]3[C@H]1O3)Cl)[C@]4(C(=C([C@@]2(C4(Cl)Cl)Cl)Cl)Cl)Cl,Pesticides,Insecticide
2-Methyl-4-chlorophenoxyacetic acid,MCPA,94-74-6,Cc1cc(ccc1OCC(=O)O)Cl,Pesticides,Herbicide
Mecoprop,MCPP,93-65-2,Cc1cc(ccc1OC(C)C(=O)O)Cl,Pesticides,Herbicide
Carbofuran,,1563-66-2,CC1(Cc2cccc(c2O1)OC(=O)NC)C,Pesticides,Insecticide
Dalapon,,75-99-0,CC(C(=O)O)(Cl)Cl,Pesticides,Herbicide
Endothall,,28874-46-6,C1C[C@H]2[C@@H]([C@@H]([C@@H]1O2)C(=O)O)C(=O)O,Pesticides,Herbicide
Epichlorohydrin,,106-89-8,C1C(O1)CCl,Industrial chemical,
Fenoprop,"2,4,5-TP",93-72-1,CC(C(=O)O)Oc1cc(c(cc1Cl)Cl)Cl,Pesticides,Herbicide
Glyphosate,,1071-83-6,C(C(=O)O)NCP(=O)(O)O,Pesticides,Herbicide
Hexachlorocyclopentadiene,,77-47-4,C1(=C(C(C(=C1Cl)Cl)(Cl)Cl)Cl)Cl,Industrial chemical,
Lindane,γ-HCH,58-89-9,Cl[C@H]1[C@H](Cl)[C@@H](Cl)[C@@H](Cl)[C@H](Cl)[C@H]1Cl,Pesticides,Insecticide
Oxamyl,,23135-22-0,CNC(=O)ON=C(C(=O)N(C)C)SC,Pesticides,Insecticide
Picloram,,1918-02-1,c1(c(c(nc(c1Cl)Cl)C(=O)O)Cl)N,Pesticides,Herbicide
"4-(2,4-dichlorophenoxy)butyric acid","2,4-DB",94-82-6,C1=CC(=C(C=C1Cl)Cl)OCCCC(=O)O,Pesticides,Herbicide
Bentazon,,25057-89-0,CC(C)N1C(=O)c2ccccc2NS1(=O)=O,Pesticides,Herbicide
Bifenox,,42576-02-3,COC(=O)c1cc(ccc1[N+](=O)[O-])Oc2ccc(cc2Cl)Cl,Pesticides,Herbicide
Chlordane,,12789-03-6,C1C2C(C(C1Cl)Cl)C3(C(=C(C2(C3(Cl)Cl)Cl)Cl)Cl)Cl,Pesticides,Insecticide
Chlorothalonil,,1897-45-6,C(#N)c1c(c(c(c(c1Cl)Cl)Cl)C#N)Cl,Pesticides,Fungicide
Cyanazine,,21725-46-2,CCNC1=NC(=NC(=N1)Cl)NC(C)(C)C#N,Pesticides,Herbicide
Cypermethrin,,52315-07-8,CC1(C(C1C(=O)OC(C#N)c2cccc(c2)Oc3ccccc3)C=C(Cl)Cl)C,Pesticides,Insecticide
Dichlorprop,,120-36-5,CC(C(=O)O)Oc1ccc(cc1Cl)Cl,Pesticides,Herbicide
Dichlorvos,DDVP,62-73-7,COP(=O)(OC)OC=C(Cl)Cl,Pesticides,Insecticide
Dicofol,,115-32-2,c1cc(ccc1C(c2ccc(cc2)Cl)(C(Cl)(Cl)Cl)O)Cl,Pesticides,Insecticide
Methoxychlor,,72-43-5,COc1ccc(cc1)C(c2ccc(cc2)OC)C(Cl)(Cl)Cl,Pesticides,Insecticide
Toxaphene,,8001-35-2,CC1(C(=C)C2(C(C1(C(C2(Cl)Cl)(Cl)Cl)Cl)(Cl)Cl)Cl)C,Pesticides,Insecticide
Tricyclazole,,1814-78-2,Cc1cccc2c1n3cnnc3s2,Pesticides,Fungicide
"2,3,7,8-Tetrachlorodibenzo-p-dioxin","2,3,7,8-TCDD",1746-01-6,C1=COC=CO1,Incineration byproducts,
Aclonifen,,74070-46-5,c1ccc(cc1)Oc2ccc(c(c2Cl)N)[N+](=O)[O-],Pesticides,Herbicide
Chlorfenvinphos,,470-90-6,CCOP(=O)(OCC)O/C(=C\Cl)/c1ccc(cc1Cl)Cl,Pesticides,Insecticide
Cybutryne,,28159-98-0,CC(C)(C)Nc1nc(nc(n1)SC)NC2CC2,Pesticides,Algaecide
Terbutryn,,886-50-0,CC/N=c\1/nc([nH]c(n1)SC)NC(C)(C)C,Pesticides,Herbicide
Tributyltin-cation,,688-73-3,CCCC[Sn+](CCCC)CCCC,Pesticides,Algaecide
Hexachlorobenzene,,118-74-1,c1(c(c(c(c(c1Cl)Cl)Cl)Cl)Cl)Cl,Pesticides,Fungicide
Ethylenediaminetetraacetic acid,EDTA,60-00-4,C(CN(CC(=O)O)CC(=O)O)N(CC(=O)O)CC(=O)O,Industrial chemical,
Molybdenum,,7439-98-7,[Mo],Inorganic compounds & Metals,
Barium,,7440-39-3,[Ba],Inorganic compounds & Metals,
Sodium,,7440-23-5,[Na],Inorganic compounds & Metals,
Dimethyl Sulfide,,75-18-3,CSC,Taste & odor compounds,
Dimethyl disulfide,,624-92-0,CSSC,Taste & odor compounds,
Styrene,,100-42-5,C=Cc1ccccc1,Taste & odor compounds,
3-tert-Butyl-4-hydroxyanisole,,25013-16-5,CC(C)(C)c1cc(ccc1OC)O.CC(C)(C)c1cc(ccc1O)OC,Taste & odor compounds,
Mercaptan,,74-93-1,CS,Taste & odor compounds,
Hydrazine,,302-01-2,NN,Taste & odor compounds,
Quinoline,,91-22-5,c1ccc2c(c1)cccn2,Taste & odor compounds,
Triglyme,,112-49-2,COCCOCCOCCOC,Taste & odor compounds,
Acrylamide,,79-06-1,C=CC(=O)N,Disinfection byproducts,
"1,1-Dichloropropanone",,513-88-2,CC(=O)C(Cl)Cl,Disinfection byproducts,
Bromochloroacetic acid,,513-88-2,C(C(=O)O)(Cl)Br,Disinfection byproducts,
Dichloroacetaldehyde,,79-02-7,C(=O)C(Cl)Cl,Disinfection byproducts,
Bromochloroacetonitrile,,83463-62-1,C(#N)C(Cl)Br,Disinfection byproducts,
"1,2-Diphenylhydrazine",,122-66-7,c1ccc(cc1)NNc2ccccc2,Disinfection byproducts,
DCPA di-acid degradate,,2136-79-0,OC(=O)C1=C(Cl)C(Cl)=C(C(O)=O)C(Cl)=C1Cl,Endocrine disruptors,
DCPA mono-acid degradate,,887-54-7,COC(=O)C1=C(Cl)C(Cl)=C(C(O)=O)C(Cl)=C1Cl,Endocrine disruptors,
RDX,,121-82-4,C1N(CN(CN1[N+](=O)[O-])[N+](=O)[O-])[N+](=O)[O-],Endocrine disruptors,
4-Chlorotoluene,,106-43-4,Cc1ccc(cc1)Cl,Endocrine disruptors,
Tetrabutyltin,,1461-25-2,CCCC[Sn](CCCC)(CCCC)CCCC,Endocrine disruptors,
Diclofenac-Na,,15307-79-6,C1=CC=C(C(=C1)CC(=O)[O-])NC2=C(C=CC=C2Cl)Cl.[Na+],Pharmaceutical,Antiinflammatory
N-acetylsulfamethazine,,35255-37-9,Cc1cc(nc(n1)N(C(=O)C)S(=O)(=O)c2ccc(cc2)N)C,Pharmaceutical,
Mestranol,,72-33-3,C[C@]12CC[C@@H]3c4ccc(cc4CC[C@H]3[C@@H]1CC[C@]2(C#C)O)OC,Pharmaceutical,Female sex hormone
Norethindrone,,68-22-4,C[C@]12CC[C@H]3[C@H]([C@@H]1CC[C@]2(C#C)O)CCC4=CC(=O)CC[C@H]34,Pharmaceutical,Female sex hormone
Equilin,,474-86-2,C[C@]12CC[C@@H]3c4ccc(cc4CC=C3[C@@H]1CCC2=O)O,Pharmaceutical,Female sex hormone
Roxithromycin,,80214-83-1,CC[C@@H]1[C@@]([C@@H]([C@H](/C(=N/OCOCCOC)/[C@@H](C[C@@]([C@@H]([C@H]([C@@H]([C@H](C(=O)O1)C)O[C@H]2C[C@@]([C@H]([C@@H](O2)C)O)(C)OC)C)O[C@H]3[C@@H]([C@H](C[C@H](O3)C)N(C)C)O)(C)O)C)C)O)(C)O,Pharmaceutical,Antibiotic
Sotalol,,3930-20-9,CC(C)NCC(c1ccc(cc1)NS(=O)(=O)C)O,Pharmaceutical,beta-blocker
Chloridazon,,1698-60-8,c1ccc(cc1)n2c(=O)c(c(cn2)N)Cl,Pesticides,Herbicide
Delta-hexachlorocyclohexane,δ-HCH,319-86-8,[C@H]1([C@H]([C@@H]([C@H]([C@H]([C@H]1Cl)Cl)Cl)Cl)Cl)Cl,Pesticides,Insecticide
Desethylterbutylazine,,30125-63-4,CC(C)(C)Nc1nc(nc(n1)Cl)N,Metabolite,
Deisopropylatrazine,,1007-28-9,CCNc1nc(nc(n1)Cl)N,Metabolite,
Diatrizoic acid,,117-96-4,CC(=O)Nc1c(c(c(c(c1I)NC(=O)C)I)C(=O)O)I,Pharmaceutical,Contrast medium
Dibutyltin,,1002-53-5,CCCC[Sn]CCCC,Industrial chemical,
Diethylenetriamine penta acetic acid,DTPA,67-43-6,CC(=O)O.C(CNCCN)N.c1(c(c(c(c(c1Cl)Cl)Cl)Cl)Cl)O,Industrial chemical,
Dinoterb,,1420-07-1,CC(C)(C)c1cc(cc(c1O)[N+](=O)[O-])[N+](=O)[O-],Pesticides,Herbicide
Dinitro-ortho-cresol,DNOC,497-56-3,Cc1cc(cc(c1O)[N+](=O)[O-])[N+](=O)[O-],Pesticides,
epsilon-hexachlorocyclohexane,ε-HCH,58-89-9,[C@H]1([C@@H]([C@@H]([C@H]([C@H]([C@H]1Cl)Cl)Cl)Cl)Cl)Cl,Pesticides,Insecticide
Chlorotoluron,,15545-48-9,Cc1ccc(cc1Cl)NC(=O)N(C)C,Pesticides,Herbicide
Terbutylazine,,5915-41-3,CCNc1nc(nc(n1)Cl)NC(C)(C)C,Pesticides,Herbicide
Azinphos-methyl,,86-50-0,COP(=S)(OC)SCn1c(=O)c2ccccc2nn1,Pesticides,Herbicide
Captan,,133-06-2,C1C=CCC2C1C(=O)N(C2=O)SC(Cl)(Cl)Cl,Pesticides,Fungicide
Fenthion,,55-38-9,Cc1cc(ccc1SC)OP(=S)(OC)OC,Pesticides,Insecticide
Metolachlor,,51218-45-2,CCc1cccc(c1N(C(C)COC)C(=O)CCl)C,Pesticides,Herbicide
Molinate,,2212-67-1,CCSC(=O)N1CCCCCC1,Pesticides,Herbicide
Permethrin,,52645-53-1,CC1(C(C1C(=O)OCc2cccc(c2)Oc3ccccc3)C=C(Cl)Cl)C,Pesticides,Insecticide
Profenofos,,41198-08-7,CCCSP(=O)(OCC)Oc1ccc(cc1Cl)Br,Pesticides,Insecticide
Tebuconazole,,107534-96-3,CC(C)(C)C(CCc1ccc(cc1)Cl)(Cn2cncn2)O,Pesticides,Fungicide
Tebufenozide,,112410-23-8,CCc1ccc(cc1)C(=O)NN(C(=O)c2cc(cc(c2)C)C)C(C)(C)C,Pesticides,Insecticide
Thiobencarb,,28249-77-6,CCN(CC)C(=O)SCc1ccc(cc1)Cl,Pesticides,Herbicide
Tolclofos-methyl,,57018-04-9,Cc1cc(c(c(c1)Cl)OP(=S)(OC)OC)Cl,Pesticides,Fungicide
Triadimefon,,43121-43-3,CC(C)(C)C(=O)C(n1cncn1)Oc2ccc(cc2)Cl,Pesticides,Fungicide
Vinclozolin,,50471-44-8,CC1(C(=O)N(C(=O)O1)c2cc(cc(c2)Cl)Cl)C=C,Pesticides,Fungicide
3-Hydroxycarbofuran,,16655-82-6,CC1(C(c2cccc(c2O1)OC(=O)NC)O)C,Metabolite,
Acetochlor,,34256-82-1,CCc1cccc(c1N(COCC)C(=O)CCl)C,Pesticides,Herbicide
Acetochlor ethanesulfonic acid,Acetochlor-ESA,187022-11-3,CCc1cccc(c1N(COCC)C(=O)CS(=O)(=O)O)C,Pesticides,
Acetochlor oxanilic acid,Acetochlor-OA,194992-44-4,CCc1cccc(c1N(COCC)C(=O)C(=O)O)C,Pesticides,
Acrolein,,107-02-8,C=CC=O,Pesticides,Algaecide
Alachlor ethanesulfonic acid,Alachlor-ESA,142363-53-9,CCc1cccc(c1N(COC)C(=O)CS(=O)(=O)O)CC,Metabolite,
Alachlor oxanilic acid,Alachlor-OA,171262-17-2,CCc1cccc(c1N(COC)C(=O)C(=O)O)CC,Metabolite,
alpha-Hexachlorocyclohexane,α-HCH,319-84-6,[C@H]1([C@H]([C@H]([C@@H]([C@@H]([C@H]1Cl)Cl)Cl)Cl)Cl)Cl,Pesticides,Insecticide
Aniline,,62-53-3,c1ccc(cc1)N,Industrial chemical,
Bensulide,,741-58-2,CC(C)OP(=S)(OC(C)C)SCCNS(=O)(=O)c1ccccc1,Pesticides,Insecticide
Clethodim,,99129-21-2,CC/C(=N\OC/C=C/Cl)/C1=C(CC(CC1=O)CC(C)SCC)O,Pesticides,Herbicide
Cumene hydroperoxide,,80-15-9,CC(C)(c1ccccc1)OO,Metabolite,
Dicrotophos,,141-66-2,C/C(=C\C(=O)N(C)C)/OP(=O)(OC)OC,Pesticides,Insecticide
Dimethipin,,55290-64-7,CC1=C(S(=O)(=O)CCS1(=O)=O)C,Pesticides,
S-Ethyl dipropylthiocarbamate,EPTC,759-94-4,CCCN(CCC)C(=O)SCC,Industrial chemical,
Equilenin,,517-09-9,C[C@]12CCc3c4ccc(cc4ccc3[C@@H]1CCC2=O)O,Pharmaceutical,Female sex hormone
Ethoprop,,13194-48-4,CCCSP(=O)(OCC)SCCC,Pesticides,Insecticide
Linuron,,330-55-2,CN(/C(=N/c1ccc(c(c1)Cl)Cl)/O)OC,Pesticides,Herbicide
Methamidophos,,10265-92-6,COP(=O)(N)SC,Pesticides,Insecticide
Metolachlor ethanesulfonic acid,Metolachlor-ESA,171118-09-5,CCc1cccc(c1N(C(C)COC)C(=O)CS(=O)(=O)O)C,Metabolite,
Metolachlor oxanilic acid,Metolachlor-OA,152019-73-3,CCc1cccc(c1N(C(C)COC)C(=O)C(=O)O)C,Metabolite,
Oxyfluorfen,,42874-03-3,CCOc1cc(ccc1[N+](=O)[O-])Oc2ccc(cc2Cl)C(F)(F)F,Pesticides,Herbicide
Terbufos sulfone,,56070-16-7,CCOP(=S)(OCC)SCS(=O)(=O)C(C)(C)C,Pesticides,Insecticide
Thiodicarb,,59669-26-0,CC(=NOC(=O)N(C)SN(C)C(=O)ON=C(C)SC)SC,Pesticides,Insecticide
"1,2,3-Triazine",,289-96-3,C1=CN=NN=C1,Pesticides,Insecticide
Tribufos,,78-48-8,CCCCSP(=O)(SCCCC)SCCCC,Pesticides,Herbicide
"2,2',4,4',5,5'-Hexabromodiphenylether",,68631-49-2,c1c(c(cc(c1Br)Br)Br)Oc2cc(c(cc2Br)Br)Br,Industrial chemical,Flame retardants
"2,2',4,4',5,6'-Hexabromodiphenylether",,207122-15-4,c1c(cc(c(c1Br)Oc2cc(c(cc2Br)Br)Br)Br)Br,Industrial chemical,Flame retardants
"2,2',4,4',5-Pentabromodiphenylether",,60348-60-9,c1cc(c(cc1Br)Br)Oc2c(cc(cc2Br)Br)Br,Industrial chemical,Flame retardants
"2,2',4,4',6-Pentabromodiphenylether",,189084-64-8,C1=CC(=C(C=C1Br)Br)OC2=C(C(=C(C=C2Br)Br)Br)O,Industrial chemical,Flame retardants
"2,2',4,4'-Tetrabromodiphenylether",,5436-43-1,Brc1ccc(Oc2ccc(Br)cc2Br)c(Br)c1,Industrial chemical,Flame retardants
"2,2,4'-Tribromodiphenylether",,41318-75-6,Brc1ccc(Oc2ccc(Br)cc2Br)cc1,Industrial chemical,Flame retardants
"2,4,5-Trichlorophenoxyaceticacid","2,4,5-T",93-76-5,C1=C(C(=CC(=C1Cl)Cl)Cl)OCC(=O)O,Pesticides,Herbicide
Ethofumesate,,26225-79-6,CCOC1C(c2cc(ccc2O1)OS(=O)(=O)C)(C)C,Pesticides,Herbicide
Galaxolide,HHCB,1222-05-5,CC1c2cc3c(cc2CCO1)C(C(C3(C)C)C)(C)C,Personal care products,
Iso-Chloridazon,,162354-96-3,c1ccc(cc1)n2c(=O)c(c(cn2)Cl)N,Pesticides,Herbicide
Isodrin,,465-73-6,CC(Cc1ccc(cc1)O)NC,Pesticides,Insecticide
Metabenzthiazuron,,18691-97-9,CNC(=O)N(C)c1nc2ccccc2s1,Pesticides,Algaecide
Metazachlor,,67129-08-2,Cc1cccc(c1N(Cn2cccn2)C(=O)CCl)C,Pesticides,Herbicide
Metoxuron,,19937-59-8,CN(C)C(=O)Nc1ccc(c(c1)Cl)OC,Pesticides,Herbicide
Mevinfos,,7786-34-7,CC(=CC(=O)OC)OP(=O)(OC)OC,Pesticides,Insecticide
Monolinuron,,1746-81-2,CN(C(=O)Nc1ccc(cc1)Cl)OC,Pesticides,Herbicide
Musk xylene,,81-15-2,CC1=C(C(=C(C(=C1[N+](=O)[O-])C(C)(C)C)[N+](=O)[O-])C)[N+](=O)[O-],Personal care products,
Pentachlorobenzene,,608-93-5,c1c(c(c(c(c1Cl)Cl)Cl)Cl)Cl,Industrial chemical,
"2,4'-Dichlorodiphenyldichloroethane","2,4'-DDD",53-19-0,c1ccc(c(c1)C(=C(Cl)Cl)c2ccc(cc2)Cl)Cl,Pesticides,Insecticide
"2,4'-Dichlorodiphenyldichloroethylene","2,4'-DDE",3424-82-6,C1=CC=C(C(=C1)C(=C(Cl)Cl)C2=CC=C(C=C2)Cl)Cl,Metabolite,
"2,4'-Dichlorodiphenyltrichloroethane","2,4'-DDT",789-02-6,c1ccc(c(c1)C(c2ccc(cc2)Cl)C(Cl)(Cl)Cl)Cl,Pesticides,Insecticide
"4,4'-Dichlorodiphenyldichloroethane","4,4'-DDD",72-54-8,c1cc(ccc1C(c2ccc(cc2)Cl)C(Cl)Cl)Cl,Pesticides,Insecticide
"4,4'-Dichlorodiphenyldichloroethylene","4,4'-DDE",72-55-9,c1cc(ccc1C(=C(Cl)Cl)c2ccc(cc2)Cl)Cl,Metabolite,
"4,4'-Dichlorodiphenyltrichloroethane","4,4'-DDT",50-29-3,c1cc(ccc1C(c2ccc(cc2)Cl)C(Cl)(Cl)Cl)Cl,Pesticides,Insecticide
Alpha-Endosulfan,,33213-65-9,C1[C@@H]2[C@H](CO[S@@](=O)O1)[C@@]3(C(=C([C@]2(C3(Cl)Cl)Cl)Cl)Cl)Cl,Pesticides,Insecticide
Beta-Endosulfan,,959-98-8,C1[C@@H]2[C@H](CO[S@](=O)O1)[C@]3(C(=C([C@@]2(C3(Cl)Cl)Cl)Cl)Cl)Cl,Pesticides,Insecticide
Beta-hexachlorocyclohexane,β-HCH,319-85-7,[C@H]1([C@H]([C@@H]([C@H]([C@@H]([C@H]1Cl)Cl)Cl)Cl)Cl)Cl,Pesticides,Insecticide
Propiconazol,,60207-90-1,CCCC1COC(O1)(Cn2cncn2)c3ccc(cc3Cl)Cl,Pesticides,Fungicide
Pyrazofos,,13457-18-6,CCCC1COC(O1)(Cn2cncn2)c3ccc(cc3Cl)Cl,Pesticides,Fungicide
Beryllium,Be,7440-41-7,[Be],Inorganic compounds & Metals,
Vanadium,V,7440-62-2,[V],Inorganic compounds & Metals,
Antibiotic resistant bacteria (sulfamethoxazole or etracycline resistant),,,,,
Antibiotic resistant bacteria (norfloxacin or eftazidime),,,,,
Microplastics,,,,,
Oxadiazon,,19666-30-9,CC(C)Oc1cc(c(cc1Cl)Cl)n2c(=O)oc(n2)C(C)(C)C,Pesticides,Herbicide
Methiocarb,,2032-65-7,Cc1cc(cc(c1SC)C)OC(=O)NC,Pesticides,Molluscide
Tri-allate,,2303-17-5,CC(C)N(C(C)C)C(=O)SCC(=C(Cl)Cl)Cl,Pesticides,Insecticide
Imidacloprid,,138261-41-3,c1cc(ncc1CN2CCN=C2N[N+](=O)[O-])Cl,Pesticides,Insecticide
Thiacloprid,,111988-49-9,c1cc(ncc1CN2CCSC2=NC#N)Cl,Pesticides,Insecticide
Thiamethoxam,,153719-23-4,CN1COCN(C1=N[N+](=O)[O-])Cc2cnc(s2)Cl,Pesticides,Insecticide
Clothianidin,,210880-92-5,C/N=C(/NCc1cnc(s1)Cl)\N[N+](=O)[O-],Pesticides,Insecticide
Acetamiprid,,135410-20-7,C/C(=N\C#N)/N(C)Cc1ccc(nc1)Cl,Pesticides,Insecticide
Dichlofluanid,,1085-98-9,CN(C)S(=O)(=O)N(c1ccccc1)SC(F)(Cl)Cl,Pesticides,Fungicide
Azithromycin,,83905-01-5,CC[C@@H]1[C@@]([C@@H]([C@H](N(C[C@@H](C[C@@]([C@@H]([C@H]([C@@H]([C@H](C(=O)O1)C)O[C@H]2C[C@@]([C@H]([C@@H](O2)C)O)(C)OC)C)O[C@H]3[C@@H]([C@H](C[C@H](O3)C)N(C)C)O)(C)O)C)C)C)O)(C)O,Pharmaceutical,Antibiotic
Amisulpride,,71675-85-9,CCN1CCCC1CNC(=O)c2cc(c(cc2OC)N)S(=O)(=O)CC,Pharmaceutical,Nueroleptic
Candesartan,,139481-59-7,CCOc1nc2cccc(c2n1Cc3ccc(cc3)c4ccccc4c5[nH]nnn5)C(=O)O,Pharmaceutical,Sartan
Citalopram,,59729-33-8,CN(C)CCC[C@@]1(c2ccc(cc2CO1)C#N)c3ccc(cc3)F,Pharmaceutical,Antidepressant
Hydrochlorothiazide,,58-93-5,c1c2c(cc(c1Cl)S(=O)(=O)N)S(=O)(=O)NCN2,Pharmaceutical,Angiotensin II receptor blocker
Irbesartan,,138402-11-6,CCCCC1=NC2(CCCC2)C(=O)N1Cc3ccc(cc3)c4ccccc4c5[nH]nnn5,Pharmaceutical,Sartan
Crotamiton,,483-63-6,CCN(c1ccccc1C)C(=O)/C=C/C,Pharmaceutical,Atemstimulants
Phenytoin,,57-41-0,c1ccc(cc1)C2(C(=NC(=N2)O)O)c3ccccc3,Pharmaceutical,Anticonvulsive
Tonalide,AHTN,21145-77-7,Cc1cc2c(cc1C(=O)C)C(CC(C2(C)C)C)(C)C,Personal care products,Odor agent
Phantolide,AHMI,15323-35-0,Cc1cc2c(cc1C(=O)C)C(C(C2(C)C)C)(C)C,Personal care products,Odor agent
Celestolide,ADBI,13171-00-1,CC(=O)c1cc(cc2c1CCC2(C)C)C(C)(C)C,Personal care products,Odor agent
Musk ketone,MK,81-14-1,Cc1c(c(c(c(c1[N+](=O)[O-])C(C)(C)C)[N+](=O)[O-])C)C(=O)C,Personal care products,Odor agent
Triclosan,,3380-34-5,c1cc(c(cc1Cl)O)Oc2ccc(cc2Cl)Cl,Pesticides,Disinfectant
"2,6-Ditert-butyl-4-methylphenol",,128-37-0,CC1=CC(=C(C(=C1)C(C)(C)C)O)C(C)(C)C,Food additive,
Diethyl phthalate,DEP,84-66-2,CCOC(=O)c1ccccc1C(=O)OCC,Endocrine disruptors,
Dibutyl phthalate,DBP,84-74-2,CCCCOC(=O)c1ccccc1C(=O)OCCCC,Endocrine disruptors,
Diisobutyl phthalate,DIBP,84-69-5,CC(C)COC(=O)c1ccccc1C(=O)OCC(C)C,Endocrine disruptors,
Dimethyl phthalate,DMP,131-11-3,COC(=O)c1ccccc1C(=O)OC,Endocrine disruptors,
Testosterone,,58-22-0,C[C@]12CC[C@H]3[C@H]([C@@H]1CC[C@@H]2O)CCC4=CC(=O)CC[C@]34C,Pharmaceutical,Male sex hormone
"4-Androstene-3,17-dione",,63-05-8,C[C@]12CCC(=O)C=C1CC[C@@H]3[C@@H]2CC[C@]4([C@H]3CCC4=O)C,Pharmaceutical,Male sex hormone
Sulfadiazine,,68-35-9,c1cnc(nc1)NS(=O)(=O)c2ccc(cc2)N,Pharmaceutical,Antibiotic
Gabapentin,,60142-96-3,C1CCC(CC1)(CC(=O)O)CN,Pharmaceutical,Antiepileptic
Sulfamerzine,,127-79-7,Cc1ccnc(n1)NS(=O)(=O)c2ccc(cc2)N,Pharmaceutical,Antibiotic
Ofloxacin,,82419-36-1,CC1COc2c3n1cc(c(=O)c3cc(c2N4CCN(CC4)C)F)C(=O)O,Pharmaceutical,Antibiotic
Levofloxacin,,100986-85-4,C[C@H]1COc2c3n1cc(c(=O)c3cc(c2N4CCN(CC4)C)F)C(=O)O,Pharmaceuticals,Antibiotic
Norfloxacin,,70458-96-7,CCn1cc(c(=O)c2c1cc(c(c2)F)N3CCNCC3)C(=O)O,Pharmaceuticals,Antibiotic
Sulfachloropyridazine,,80-32-0,c1cc(ccc1N)S(=O)(=O)Nc2ccc(nn2)Cl,Pharmaceuticals,Antibiotic
Enrofloxacin,,93106-60-6,CCN1CCN(CC1)c2cc3c(cc2F)c(=O)c(cn3C4CC4)C(=O)O,Pharmaceuticals,Antibiotic
Sulfamonomethoxine,,1220-83-3,COc1cc(ncn1)NS(=O)(=O)c2ccc(cc2)N,Pharmaceuticals,Antibiotic
Primidone,,125-33-7,CCC1(C(=NCN=C1O)O)c2ccccc2,Pharmaceuticals,Antiepileptic
Sulfadimethoxine,,122-11-2,COc1cc(nc(n1)OC)NS(=O)(=O)c2ccc(cc2)N,Pharmaceuticals,Antibiotic
Escitalopram,,128196-01-0,CN(C)CCC[C@@]1(c2ccc(cc2CO1)C#N)c3ccc(cc3)F,Pharmaceuticals,Antidepressant
Thiabendazole,,148-79-8,c1ccc2c(c1)[nH]c(n2)c3cscn3,Pharmaceuticals,Antihelminthic
Oxfendazole,,53716-50-0,COC(=O)Nc1[nH]c2ccc(cc2n1)S(=O)c3ccccc3,Pharmaceuticals,Antihelminthic
Trazodone,,19794-93-5,c1ccn2c(c1)nn(c2=O)CCCN3CCN(CC3)c4cccc(c4)Cl,Pharmaceuticals,Antidepressant
Fluoxetin,,54910-89-3,CNCCC(c1ccccc1)Oc2ccc(cc2)C(F)(F)F,Pharmaceuticals,Antidepressant
Amitriptyline,,50-48-6,CN(C)CCC=C1c2ccccc2CCc3c1cccc3,Pharmaceuticals,Antidepressant
Hydrocortison,,50-23-7,CC(=O)OCC(=O)[C@]1(CC[C@@H]2[C@@]1(C[C@@H]([C@H]3[C@H]2CCC4=CC(=O)CC[C@]34C)O)C)O,Pharmaceuticals,Steroidal hormone
Losartan,,114798-26-4,CCCCc1nc(c(n1Cc2ccc(cc2)c3ccccc3c4[nH]nnn4)CO)Cl,Pharmaceuticals,Sartan
Sertraline,,79617-96-2,CN[C@H]1CC[C@H](c2c1cccc2)c3ccc(c(c3)Cl)Cl,Pharmaceuticals,Antidepressant
Ketoprofen,,22071-15-4,CC(c1cccc(c1)C(=O)c2ccccc2)C(=O)O,Pharmaceuticals,Analgetic
Flubendazole,,31430-15-6,COC(=O)Nc1[nH]c2ccc(cc2n1)C(=O)c3ccc(cc3)F,Pharmaceuticals,Antihelminthic
Valsartan,,137862-53-4,CCCCC(=O)N(Cc1ccc(cc1)c2ccccc2c3[nH]nnn3)[C@@H](C(C)C)C(=O)O,Pharmaceuticals,Angiotensin II antagonist
Fluocinolone acetonide,,67-73-2,C[C@]12C[C@@H]([C@]3([C@H]([C@@H]1C[C@@H]4[C@]2(OC(O4)(C)C)C(=O)CO)C[C@@H](C5=CC(=O)C=C[C@@]53C)F)F)O,Pharmaceuticals,Anti-inflammatory
Triamcinolone acetonide,,76-25-5,C[C@]12C[C@@H]([C@]3([C@H]([C@@H]1C[C@@H]4[C@]2(OC(O4)(C)C)C(=O)CO)CCC5=CC(=O)C=C[C@@]53C)F)O,Pharmaceuticals,Anti-inflammatory
Praziquantel,,55268-74-1,c1ccc2c(c1)CCN3C2CN(CC3=O)C(=O)C4CCCCC4,Pharmaceuticals,Anthelmintic
Albendazole,,54965-21-8,CCCSc1ccc2c(c1)nc([nH]2)NC(=O)OC,Pharmaceuticals,Antihelminthic
Fluticasone propionate,,80474-14-2,CCC(=O)O[C@@]1([C@@H](C[C@@H]2[C@@]1(C[C@@H]([C@]3([C@H]2C[C@@H](C4=CC(=O)C=C[C@@]43C)F)F)O)C)C)C(=O)SCF,Pharmaceuticals,Anti-inflammatory
Perfluoroundecanoic acid,PFUdA,2058-94-8,C(=O)(C(C(C(C(C(C(C(C(C(C(F)(F)F)(F)F)(F)F)(F)F)(F)F)(F)F)(F)F)(F)F)(F)F)(F)F)O,PFC,
N-Nitrosopiperidine,NPIP,100-75-4,C1CCN(CC1)N=O,Disinfection byproductds,N-nitrosamine
N-Nitrosodiphenylamine,NDPHA,86-30-6,c1ccc(cc1)N(c2ccccc2)N=O,Disinfection byproductds,N-nitrosamine
"1,2,4-triazine",,290-38-0,C1=CN=NC=N1,Industrial chemical,
"1,3,5-triazine",,2827-45-4,C1=NC=NC=N1,Industrial chemical,
Bisphenol A,,80-05-7,CC(C)(C1=CC=C(C=C1)O)C2=CC=C(C=C2)O,Endocrine disruptors,
4-Nonylphenol,,37523-33-4,CCCCCCCCCC1=CC=C(C=C1)O,Endocrine disruptors,
